image_path,label
/home/leticia/projetos/Avaliacao-MOBIT/classificador-tipos-de-carros/data/raw/bmw10_ims/10/150302307.thumb.jpg,outros
/home/leticia/projetos/Avaliacao-MOBIT/classificador-tipos-de-carros/data/raw/bmw10_ims/10/150302397.jpg,outros
/home/leticia/projetos/Avaliacao-MOBIT/classificador-tipos-de-carros/data/raw/bmw10_ims/10/150302515.jpg,outros
/home/leticia/projetos/Avaliacao-MOBIT/classificador-tipos-de-carros/data/raw/bmw10_ims/10/150302647.jpg,outros
/home/leticia/projetos/Avaliacao-MOBIT/classificador-tipos-de-carros/data/raw/bmw10_ims/10/150302686.jpg,outros
/home/leticia/projetos/Avaliacao-MOBIT/classificador-tipos-de-carros/data/raw/bmw10_ims/10/150302710.jpg,outros
/home/leticia/projetos/Avaliacao-MOBIT/classificador-tipos-de-carros/data/raw/bmw10_ims/10/150302723.jpg,outros
/home/leticia/projetos/Avaliacao-MOBIT/classificador-tipos-de-carros/data/raw/bmw10_ims/10/150302770.jpg,outros
/home/leticia/projetos/Avaliacao-MOBIT/classificador-tipos-de-carros/data/raw/bmw10_ims/10/150302772.jpg,outros
/home/leticia/projetos/Avaliacao-MOBIT/classificador-tipos-de-carros/data/raw/bmw10_ims/10/150302795.jpg,outros
/home/leticia/projetos/Avaliacao-MOBIT/classificador-tipos-de-carros/data/raw/bmw10_ims/10/150302873.jpg,outros
/home/leticia/projetos/Avaliacao-MOBIT/classificador-tipos-de-carros/data/raw/bmw10_ims/10/150302884.jpg,outros
/home/leticia/projetos/Avaliacao-MOBIT/classificador-tipos-de-carros/data/raw/bmw10_ims/10/150303002.jpg,outros
/home/leticia/projetos/Avaliacao-MOBIT/classificador-tipos-de-carros/data/raw/bmw10_ims/10/150303008.jpg,outros
/home/leticia/projetos/Avaliacao-MOBIT/classificador-tipos-de-carros/data/raw/bmw10_ims/10/150303015.jpg,outros
/home/leticia/projetos/Avaliacao-MOBIT/classificador-tipos-de-carros/data/raw/bmw10_ims/10/150303122.jpg,outros
/home/leticia/projetos/Avaliacao-MOBIT/classificador-tipos-de-carros/data/raw/bmw10_ims/10/150303259.jpg,outros
/home/leticia/projetos/Avaliacao-MOBIT/classificador-tipos-de-carros/data/raw/bmw10_ims/10/150303291.jpg,outros
/home/leticia/projetos/Avaliacao-MOBIT/classificador-tipos-de-carros/data/raw/bmw10_ims/10/150303318.jpg,outros
/home/leticia/projetos/Avaliacao-MOBIT/classificador-tipos-de-carros/data/raw/bmw10_ims/10/150303349.jpg,outros
/home/leticia/projetos/Avaliacao-MOBIT/classificador-tipos-de-carros/data/raw/bmw10_ims/10/150303361.jpg,outros
/home/leticia/projetos/Avaliacao-MOBIT/classificador-tipos-de-carros/data/raw/bmw10_ims/10/150303513.jpg,outros
/home/leticia/projetos/Avaliacao-MOBIT/classificador-tipos-de-carros/data/raw/bmw10_ims/10/150303539.jpg,outros
/home/leticia/projetos/Avaliacao-MOBIT/classificador-tipos-de-carros/data/raw/bmw10_ims/10/150303565.jpg,outros
/home/leticia/projetos/Avaliacao-MOBIT/classificador-tipos-de-carros/data/raw/bmw10_ims/10/150303689.jpg,outros
/home/leticia/projetos/Avaliacao-MOBIT/classificador-tipos-de-carros/data/raw/bmw10_ims/10/150303760.jpg,outros
/home/leticia/projetos/Avaliacao-MOBIT/classificador-tipos-de-carros/data/raw/bmw10_ims/10/150303767.jpg,outros
/home/leticia/projetos/Avaliacao-MOBIT/classificador-tipos-de-carros/data/raw/bmw10_ims/10/150303829.jpg,outros
/home/leticia/projetos/Avaliacao-MOBIT/classificador-tipos-de-carros/data/raw/bmw10_ims/10/150303902.jpg,outros
/home/leticia/projetos/Avaliacao-MOBIT/classificador-tipos-de-carros/data/raw/bmw10_ims/10/150303922.jpg,outros
/home/leticia/projetos/Avaliacao-MOBIT/classificador-tipos-de-carros/data/raw/bmw10_ims/10/150304122.jpg,outros
/home/leticia/projetos/Avaliacao-MOBIT/classificador-tipos-de-carros/data/raw/bmw10_ims/10/150304126.jpg,outros
/home/leticia/projetos/Avaliacao-MOBIT/classificador-tipos-de-carros/data/raw/bmw10_ims/10/150304132.jpg,outros
/home/leticia/projetos/Avaliacao-MOBIT/classificador-tipos-de-carros/data/raw/bmw10_ims/10/150304216.jpg,outros
/home/leticia/projetos/Avaliacao-MOBIT/classificador-tipos-de-carros/data/raw/bmw10_ims/10/150304261.jpg,outros
/home/leticia/projetos/Avaliacao-MOBIT/classificador-tipos-de-carros/data/raw/bmw10_ims/10/150304294.jpg,outros
/home/leticia/projetos/Avaliacao-MOBIT/classificador-tipos-de-carros/data/raw/bmw10_ims/10/150304381.jpg,outros
/home/leticia/projetos/Avaliacao-MOBIT/classificador-tipos-de-carros/data/raw/bmw10_ims/10/150304396.jpg,outros
/home/leticia/projetos/Avaliacao-MOBIT/classificador-tipos-de-carros/data/raw/bmw10_ims/10/150304410.jpg,outros
/home/leticia/projetos/Avaliacao-MOBIT/classificador-tipos-de-carros/data/raw/bmw10_ims/10/150304421.jpg,outros
/home/leticia/projetos/Avaliacao-MOBIT/classificador-tipos-de-carros/data/raw/bmw10_ims/10/150304453.jpg,outros
/home/leticia/projetos/Avaliacao-MOBIT/classificador-tipos-de-carros/data/raw/bmw10_ims/10/150304480.thumb.jpg,outros
/home/leticia/projetos/Avaliacao-MOBIT/classificador-tipos-de-carros/data/raw/bmw10_ims/10/150304536.jpg,outros
/home/leticia/projetos/Avaliacao-MOBIT/classificador-tipos-de-carros/data/raw/bmw10_ims/10/150304550.jpg,outros
/home/leticia/projetos/Avaliacao-MOBIT/classificador-tipos-de-carros/data/raw/bmw10_ims/10/150304672.jpg,outros
/home/leticia/projetos/Avaliacao-MOBIT/classificador-tipos-de-carros/data/raw/bmw10_ims/10/150304734.jpg,outros
/home/leticia/projetos/Avaliacao-MOBIT/classificador-tipos-de-carros/data/raw/bmw10_ims/10/150304740.jpg,outros
/home/leticia/projetos/Avaliacao-MOBIT/classificador-tipos-de-carros/data/raw/bmw10_ims/10/150304813.jpg,outros
/home/leticia/projetos/Avaliacao-MOBIT/classificador-tipos-de-carros/data/raw/bmw10_ims/10/150304828.jpg,outros
/home/leticia/projetos/Avaliacao-MOBIT/classificador-tipos-de-carros/data/raw/bmw10_ims/10/150304871.jpg,outros
/home/leticia/projetos/Avaliacao-MOBIT/classificador-tipos-de-carros/data/raw/bmw10_ims/11/150236121.jpg,outros
/home/leticia/projetos/Avaliacao-MOBIT/classificador-tipos-de-carros/data/raw/bmw10_ims/11/150236136.jpg,outros
/home/leticia/projetos/Avaliacao-MOBIT/classificador-tipos-de-carros/data/raw/bmw10_ims/11/150236191.jpg,outros
/home/leticia/projetos/Avaliacao-MOBIT/classificador-tipos-de-carros/data/raw/bmw10_ims/11/150236292.jpg,outros
/home/leticia/projetos/Avaliacao-MOBIT/classificador-tipos-de-carros/data/raw/bmw10_ims/11/150236417.jpg,outros
/home/leticia/projetos/Avaliacao-MOBIT/classificador-tipos-de-carros/data/raw/bmw10_ims/11/150236500.jpg,outros
/home/leticia/projetos/Avaliacao-MOBIT/classificador-tipos-de-carros/data/raw/bmw10_ims/11/150236516.jpg,outros
/home/leticia/projetos/Avaliacao-MOBIT/classificador-tipos-de-carros/data/raw/bmw10_ims/11/150237008.jpg,outros
/home/leticia/projetos/Avaliacao-MOBIT/classificador-tipos-de-carros/data/raw/bmw10_ims/11/150237218.jpg,outros
/home/leticia/projetos/Avaliacao-MOBIT/classificador-tipos-de-carros/data/raw/bmw10_ims/11/150237511.jpg,outros
/home/leticia/projetos/Avaliacao-MOBIT/classificador-tipos-de-carros/data/raw/bmw10_ims/11/150237561.jpg,outros
/home/leticia/projetos/Avaliacao-MOBIT/classificador-tipos-de-carros/data/raw/bmw10_ims/11/150237971.jpg,outros
/home/leticia/projetos/Avaliacao-MOBIT/classificador-tipos-de-carros/data/raw/bmw10_ims/11/150238265.thumb.jpg,outros
/home/leticia/projetos/Avaliacao-MOBIT/classificador-tipos-de-carros/data/raw/bmw10_ims/11/150238290.jpg,outros
/home/leticia/projetos/Avaliacao-MOBIT/classificador-tipos-de-carros/data/raw/bmw10_ims/11/150238470.jpg,outros
/home/leticia/projetos/Avaliacao-MOBIT/classificador-tipos-de-carros/data/raw/bmw10_ims/11/150238679.thumb.jpg,outros
/home/leticia/projetos/Avaliacao-MOBIT/classificador-tipos-de-carros/data/raw/bmw10_ims/11/150238717.jpg,outros
/home/leticia/projetos/Avaliacao-MOBIT/classificador-tipos-de-carros/data/raw/bmw10_ims/11/150239011.jpg,outros
/home/leticia/projetos/Avaliacao-MOBIT/classificador-tipos-de-carros/data/raw/bmw10_ims/11/150239055.thumb.jpg,outros
/home/leticia/projetos/Avaliacao-MOBIT/classificador-tipos-de-carros/data/raw/bmw10_ims/11/150239338.thumb.jpg,outros
/home/leticia/projetos/Avaliacao-MOBIT/classificador-tipos-de-carros/data/raw/bmw10_ims/11/150239391.jpg,outros
/home/leticia/projetos/Avaliacao-MOBIT/classificador-tipos-de-carros/data/raw/bmw10_ims/11/150239487.jpg,outros
/home/leticia/projetos/Avaliacao-MOBIT/classificador-tipos-de-carros/data/raw/bmw10_ims/11/150239771.jpg,outros
/home/leticia/projetos/Avaliacao-MOBIT/classificador-tipos-de-carros/data/raw/bmw10_ims/11/150239878.jpg,outros
/home/leticia/projetos/Avaliacao-MOBIT/classificador-tipos-de-carros/data/raw/bmw10_ims/11/150240007.jpg,outros
/home/leticia/projetos/Avaliacao-MOBIT/classificador-tipos-de-carros/data/raw/bmw10_ims/11/150240034.jpg,outros
/home/leticia/projetos/Avaliacao-MOBIT/classificador-tipos-de-carros/data/raw/bmw10_ims/11/150240329.jpg,outros
/home/leticia/projetos/Avaliacao-MOBIT/classificador-tipos-de-carros/data/raw/bmw10_ims/11/150240464.jpg,outros
/home/leticia/projetos/Avaliacao-MOBIT/classificador-tipos-de-carros/data/raw/bmw10_ims/11/150240472.jpg,outros
/home/leticia/projetos/Avaliacao-MOBIT/classificador-tipos-de-carros/data/raw/bmw10_ims/11/150241087.jpg,outros
/home/leticia/projetos/Avaliacao-MOBIT/classificador-tipos-de-carros/data/raw/bmw10_ims/11/150241198.jpg,outros
/home/leticia/projetos/Avaliacao-MOBIT/classificador-tipos-de-carros/data/raw/bmw10_ims/11/150241356.jpg,outros
/home/leticia/projetos/Avaliacao-MOBIT/classificador-tipos-de-carros/data/raw/bmw10_ims/11/150241489.thumb.jpg,outros
/home/leticia/projetos/Avaliacao-MOBIT/classificador-tipos-de-carros/data/raw/bmw10_ims/11/150241587.jpg,outros
/home/leticia/projetos/Avaliacao-MOBIT/classificador-tipos-de-carros/data/raw/bmw10_ims/11/150241987.thumb.jpg,outros
/home/leticia/projetos/Avaliacao-MOBIT/classificador-tipos-de-carros/data/raw/bmw10_ims/11/150242127.jpg,outros
/home/leticia/projetos/Avaliacao-MOBIT/classificador-tipos-de-carros/data/raw/bmw10_ims/11/150242478.jpg,outros
/home/leticia/projetos/Avaliacao-MOBIT/classificador-tipos-de-carros/data/raw/bmw10_ims/1/150079887.jpg,outros
/home/leticia/projetos/Avaliacao-MOBIT/classificador-tipos-de-carros/data/raw/bmw10_ims/1/150080038.jpg,outros
/home/leticia/projetos/Avaliacao-MOBIT/classificador-tipos-de-carros/data/raw/bmw10_ims/1/150080476.jpg,outros
/home/leticia/projetos/Avaliacao-MOBIT/classificador-tipos-de-carros/data/raw/bmw10_ims/1/150080490.jpg,outros
/home/leticia/projetos/Avaliacao-MOBIT/classificador-tipos-de-carros/data/raw/bmw10_ims/1/150080705.jpg,outros
/home/leticia/projetos/Avaliacao-MOBIT/classificador-tipos-de-carros/data/raw/bmw10_ims/1/150080973.thumb.jpg,outros
/home/leticia/projetos/Avaliacao-MOBIT/classificador-tipos-de-carros/data/raw/bmw10_ims/1/150081110.jpg,outros
/home/leticia/projetos/Avaliacao-MOBIT/classificador-tipos-de-carros/data/raw/bmw10_ims/1/150081573.thumb.jpg,outros
/home/leticia/projetos/Avaliacao-MOBIT/classificador-tipos-de-carros/data/raw/bmw10_ims/1/150081589.thumb.jpg,outros
/home/leticia/projetos/Avaliacao-MOBIT/classificador-tipos-de-carros/data/raw/bmw10_ims/1/150081888.jpg,outros
/home/leticia/projetos/Avaliacao-MOBIT/classificador-tipos-de-carros/data/raw/bmw10_ims/1/150082359.jpg,outros
/home/leticia/projetos/Avaliacao-MOBIT/classificador-tipos-de-carros/data/raw/bmw10_ims/1/150082962.jpg,outros
/home/leticia/projetos/Avaliacao-MOBIT/classificador-tipos-de-carros/data/raw/bmw10_ims/1/150082992.jpg,outros
/home/leticia/projetos/Avaliacao-MOBIT/classificador-tipos-de-carros/data/raw/bmw10_ims/1/150083295.jpg,outros
/home/leticia/projetos/Avaliacao-MOBIT/classificador-tipos-de-carros/data/raw/bmw10_ims/1/150083324.jpg,outros
/home/leticia/projetos/Avaliacao-MOBIT/classificador-tipos-de-carros/data/raw/bmw10_ims/1/150083647.jpg,outros
/home/leticia/projetos/Avaliacao-MOBIT/classificador-tipos-de-carros/data/raw/bmw10_ims/1/150083719.jpg,outros
/home/leticia/projetos/Avaliacao-MOBIT/classificador-tipos-de-carros/data/raw/bmw10_ims/1/150083780.jpg,outros
/home/leticia/projetos/Avaliacao-MOBIT/classificador-tipos-de-carros/data/raw/bmw10_ims/1/150084051.jpg,outros
/home/leticia/projetos/Avaliacao-MOBIT/classificador-tipos-de-carros/data/raw/bmw10_ims/1/150084056.jpg,outros
/home/leticia/projetos/Avaliacao-MOBIT/classificador-tipos-de-carros/data/raw/bmw10_ims/1/150084171.jpg,outros
/home/leticia/projetos/Avaliacao-MOBIT/classificador-tipos-de-carros/data/raw/bmw10_ims/1/150084715.thumb.jpg,outros
/home/leticia/projetos/Avaliacao-MOBIT/classificador-tipos-de-carros/data/raw/bmw10_ims/1/150084952.jpg,outros
/home/leticia/projetos/Avaliacao-MOBIT/classificador-tipos-de-carros/data/raw/bmw10_ims/1/150084991.jpg,outros
/home/leticia/projetos/Avaliacao-MOBIT/classificador-tipos-de-carros/data/raw/bmw10_ims/1/150085089.jpg,outros
/home/leticia/projetos/Avaliacao-MOBIT/classificador-tipos-de-carros/data/raw/bmw10_ims/1/150085363.thumb.jpg,outros
/home/leticia/projetos/Avaliacao-MOBIT/classificador-tipos-de-carros/data/raw/bmw10_ims/1/150085397.thumb.jpg,outros
/home/leticia/projetos/Avaliacao-MOBIT/classificador-tipos-de-carros/data/raw/bmw10_ims/1/150085495.jpg,outros
/home/leticia/projetos/Avaliacao-MOBIT/classificador-tipos-de-carros/data/raw/bmw10_ims/1/150085542.jpg,outros
/home/leticia/projetos/Avaliacao-MOBIT/classificador-tipos-de-carros/data/raw/bmw10_ims/1/150085649.thumb.jpg,outros
/home/leticia/projetos/Avaliacao-MOBIT/classificador-tipos-de-carros/data/raw/bmw10_ims/1/150086093.jpg,outros
/home/leticia/projetos/Avaliacao-MOBIT/classificador-tipos-de-carros/data/raw/bmw10_ims/1/150086217.jpg,outros
/home/leticia/projetos/Avaliacao-MOBIT/classificador-tipos-de-carros/data/raw/bmw10_ims/1/150086282.jpg,outros
/home/leticia/projetos/Avaliacao-MOBIT/classificador-tipos-de-carros/data/raw/bmw10_ims/1/150100259.thumb.jpg,outros
/home/leticia/projetos/Avaliacao-MOBIT/classificador-tipos-de-carros/data/raw/bmw10_ims/1/150100437.thumb.jpg,outros
/home/leticia/projetos/Avaliacao-MOBIT/classificador-tipos-de-carros/data/raw/bmw10_ims/1/150100755.thumb.jpg,outros
/home/leticia/projetos/Avaliacao-MOBIT/classificador-tipos-de-carros/data/raw/bmw10_ims/1/150100905.jpg,outros
/home/leticia/projetos/Avaliacao-MOBIT/classificador-tipos-de-carros/data/raw/bmw10_ims/1/150101015.jpg,outros
/home/leticia/projetos/Avaliacao-MOBIT/classificador-tipos-de-carros/data/raw/bmw10_ims/1/150101084.jpg,outros
/home/leticia/projetos/Avaliacao-MOBIT/classificador-tipos-de-carros/data/raw/bmw10_ims/1/150101196.jpg,outros
/home/leticia/projetos/Avaliacao-MOBIT/classificador-tipos-de-carros/data/raw/bmw10_ims/1/150101560.thumb.jpg,outros
/home/leticia/projetos/Avaliacao-MOBIT/classificador-tipos-de-carros/data/raw/bmw10_ims/1/150101815.jpg,outros
/home/leticia/projetos/Avaliacao-MOBIT/classificador-tipos-de-carros/data/raw/bmw10_ims/1/150101960.jpg,outros
/home/leticia/projetos/Avaliacao-MOBIT/classificador-tipos-de-carros/data/raw/bmw10_ims/1/150102021.jpg,outros
/home/leticia/projetos/Avaliacao-MOBIT/classificador-tipos-de-carros/data/raw/bmw10_ims/1/150102427.jpg,outros
/home/leticia/projetos/Avaliacao-MOBIT/classificador-tipos-de-carros/data/raw/bmw10_ims/1/150102991.jpg,outros
/home/leticia/projetos/Avaliacao-MOBIT/classificador-tipos-de-carros/data/raw/bmw10_ims/1/150103428.jpg,outros
/home/leticia/projetos/Avaliacao-MOBIT/classificador-tipos-de-carros/data/raw/bmw10_ims/1/150103548.jpg,outros
/home/leticia/projetos/Avaliacao-MOBIT/classificador-tipos-de-carros/data/raw/bmw10_ims/1/150103629.jpg,outros
/home/leticia/projetos/Avaliacao-MOBIT/classificador-tipos-de-carros/data/raw/bmw10_ims/1/150105059.jpg,outros
/home/leticia/projetos/Avaliacao-MOBIT/classificador-tipos-de-carros/data/raw/bmw10_ims/1/150105100.jpg,outros
/home/leticia/projetos/Avaliacao-MOBIT/classificador-tipos-de-carros/data/raw/bmw10_ims/1/150105462.jpg,outros
/home/leticia/projetos/Avaliacao-MOBIT/classificador-tipos-de-carros/data/raw/bmw10_ims/1/150105852.jpg,outros
/home/leticia/projetos/Avaliacao-MOBIT/classificador-tipos-de-carros/data/raw/bmw10_ims/11/5805310844_5d66ef1c41_z.jpeg,outros
/home/leticia/projetos/Avaliacao-MOBIT/classificador-tipos-de-carros/data/raw/bmw10_ims/11/5954601831_422eda0094_z.jpeg,outros
/home/leticia/projetos/Avaliacao-MOBIT/classificador-tipos-de-carros/data/raw/bmw10_ims/11/6338367412_abfbb2421a_z.jpeg,outros
/home/leticia/projetos/Avaliacao-MOBIT/classificador-tipos-de-carros/data/raw/bmw10_ims/11/6776852761_0cdd6fc3b6.jpeg,outros
/home/leticia/projetos/Avaliacao-MOBIT/classificador-tipos-de-carros/data/raw/bmw10_ims/11/6776853663_aa7049c1b5.jpeg,outros
/home/leticia/projetos/Avaliacao-MOBIT/classificador-tipos-de-carros/data/raw/bmw10_ims/11/7170736926_4baf75c586_z.jpeg,outros
/home/leticia/projetos/Avaliacao-MOBIT/classificador-tipos-de-carros/data/raw/bmw10_ims/11/7384634278_7742555251_z.jpeg,outros
/home/leticia/projetos/Avaliacao-MOBIT/classificador-tipos-de-carros/data/raw/bmw10_ims/11/7389021496_bf447b529f.jpeg,outros
/home/leticia/projetos/Avaliacao-MOBIT/classificador-tipos-de-carros/data/raw/bmw10_ims/11/7395018602_82ab7ae7a9.jpeg,outros
/home/leticia/projetos/Avaliacao-MOBIT/classificador-tipos-de-carros/data/raw/bmw10_ims/11/7659966374_96a72b1d03_z.jpeg,outros
/home/leticia/projetos/Avaliacao-MOBIT/classificador-tipos-de-carros/data/raw/bmw10_ims/11/7838713990_803a905517_z.jpeg,outros
/home/leticia/projetos/Avaliacao-MOBIT/classificador-tipos-de-carros/data/raw/bmw10_ims/11/7875168954_18c549bf6d.jpeg,outros
/home/leticia/projetos/Avaliacao-MOBIT/classificador-tipos-de-carros/data/raw/bmw10_ims/11/8057028683_a8eb0a2605_z.jpeg,outros
/home/leticia/projetos/Avaliacao-MOBIT/classificador-tipos-de-carros/data/raw/bmw10_ims/11/jpeg.jpeg,outros
/home/leticia/projetos/Avaliacao-MOBIT/classificador-tipos-de-carros/data/raw/bmw10_ims/2/150121274.jpg,outros
/home/leticia/projetos/Avaliacao-MOBIT/classificador-tipos-de-carros/data/raw/bmw10_ims/2/150121275.thumb.jpg,outros
/home/leticia/projetos/Avaliacao-MOBIT/classificador-tipos-de-carros/data/raw/bmw10_ims/2/150121326.jpg,outros
/home/leticia/projetos/Avaliacao-MOBIT/classificador-tipos-de-carros/data/raw/bmw10_ims/2/150121456.jpg,outros
/home/leticia/projetos/Avaliacao-MOBIT/classificador-tipos-de-carros/data/raw/bmw10_ims/2/150121630.thumb.jpg,outros
/home/leticia/projetos/Avaliacao-MOBIT/classificador-tipos-de-carros/data/raw/bmw10_ims/2/150122386.thumb.jpg,outros
/home/leticia/projetos/Avaliacao-MOBIT/classificador-tipos-de-carros/data/raw/bmw10_ims/2/150123067.jpg,outros
/home/leticia/projetos/Avaliacao-MOBIT/classificador-tipos-de-carros/data/raw/bmw10_ims/2/150123221.jpg,outros
/home/leticia/projetos/Avaliacao-MOBIT/classificador-tipos-de-carros/data/raw/bmw10_ims/2/150123312.thumb.jpg,outros
/home/leticia/projetos/Avaliacao-MOBIT/classificador-tipos-de-carros/data/raw/bmw10_ims/2/150123541.jpg,outros
/home/leticia/projetos/Avaliacao-MOBIT/classificador-tipos-de-carros/data/raw/bmw10_ims/2/150123831.thumb.jpg,outros
/home/leticia/projetos/Avaliacao-MOBIT/classificador-tipos-de-carros/data/raw/bmw10_ims/2/150123986.thumb.jpg,outros
/home/leticia/projetos/Avaliacao-MOBIT/classificador-tipos-de-carros/data/raw/bmw10_ims/2/150124042.jpg,outros
/home/leticia/projetos/Avaliacao-MOBIT/classificador-tipos-de-carros/data/raw/bmw10_ims/2/150124091.thumb.jpg,outros
/home/leticia/projetos/Avaliacao-MOBIT/classificador-tipos-de-carros/data/raw/bmw10_ims/2/150124827.thumb.jpg,outros
/home/leticia/projetos/Avaliacao-MOBIT/classificador-tipos-de-carros/data/raw/bmw10_ims/2/150126693.jpg,outros
/home/leticia/projetos/Avaliacao-MOBIT/classificador-tipos-de-carros/data/raw/bmw10_ims/2/150126947.thumb.jpg,outros
/home/leticia/projetos/Avaliacao-MOBIT/classificador-tipos-de-carros/data/raw/bmw10_ims/2/150127530.thumb.jpg,outros
/home/leticia/projetos/Avaliacao-MOBIT/classificador-tipos-de-carros/data/raw/bmw10_ims/2/150128595.thumb.jpg,outros
/home/leticia/projetos/Avaliacao-MOBIT/classificador-tipos-de-carros/data/raw/bmw10_ims/2/150128966.thumb.jpg,outros
/home/leticia/projetos/Avaliacao-MOBIT/classificador-tipos-de-carros/data/raw/bmw10_ims/2/150146631.jpg,outros
/home/leticia/projetos/Avaliacao-MOBIT/classificador-tipos-de-carros/data/raw/bmw10_ims/2/150146770.jpg,outros
/home/leticia/projetos/Avaliacao-MOBIT/classificador-tipos-de-carros/data/raw/bmw10_ims/2/150147698.thumb.jpg,outros
/home/leticia/projetos/Avaliacao-MOBIT/classificador-tipos-de-carros/data/raw/bmw10_ims/2/150148094.jpg,outros
/home/leticia/projetos/Avaliacao-MOBIT/classificador-tipos-de-carros/data/raw/bmw10_ims/2/150148246.jpg,outros
/home/leticia/projetos/Avaliacao-MOBIT/classificador-tipos-de-carros/data/raw/bmw10_ims/2/150148352.jpg,outros
/home/leticia/projetos/Avaliacao-MOBIT/classificador-tipos-de-carros/data/raw/bmw10_ims/2/150148510.jpg,outros
/home/leticia/projetos/Avaliacao-MOBIT/classificador-tipos-de-carros/data/raw/bmw10_ims/2/150149207.jpg,outros
/home/leticia/projetos/Avaliacao-MOBIT/classificador-tipos-de-carros/data/raw/bmw10_ims/2/150149773.jpg,outros
/home/leticia/projetos/Avaliacao-MOBIT/classificador-tipos-de-carros/data/raw/bmw10_ims/2/150149815.jpg,outros
/home/leticia/projetos/Avaliacao-MOBIT/classificador-tipos-de-carros/data/raw/bmw10_ims/2/150149982.jpg,outros
/home/leticia/projetos/Avaliacao-MOBIT/classificador-tipos-de-carros/data/raw/bmw10_ims/2/150150545.jpg,outros
/home/leticia/projetos/Avaliacao-MOBIT/classificador-tipos-de-carros/data/raw/bmw10_ims/2/150150684.jpg,outros
/home/leticia/projetos/Avaliacao-MOBIT/classificador-tipos-de-carros/data/raw/bmw10_ims/2/150151221.jpg,outros
/home/leticia/projetos/Avaliacao-MOBIT/classificador-tipos-de-carros/data/raw/bmw10_ims/2/150151528.jpg,outros
/home/leticia/projetos/Avaliacao-MOBIT/classificador-tipos-de-carros/data/raw/bmw10_ims/2/150151596.thumb.jpg,outros
/home/leticia/projetos/Avaliacao-MOBIT/classificador-tipos-de-carros/data/raw/bmw10_ims/2/150151761.jpg,outros
/home/leticia/projetos/Avaliacao-MOBIT/classificador-tipos-de-carros/data/raw/bmw10_ims/2/150153229.jpg,outros
/home/leticia/projetos/Avaliacao-MOBIT/classificador-tipos-de-carros/data/raw/bmw10_ims/2/150153540.thumb.jpg,outros
/home/leticia/projetos/Avaliacao-MOBIT/classificador-tipos-de-carros/data/raw/bmw10_ims/2/150154102.jpg,outros
/home/leticia/projetos/Avaliacao-MOBIT/classificador-tipos-de-carros/data/raw/bmw10_ims/2/150154201.jpg,outros
/home/leticia/projetos/Avaliacao-MOBIT/classificador-tipos-de-carros/data/raw/bmw10_ims/2/150154264.jpg,outros
/home/leticia/projetos/Avaliacao-MOBIT/classificador-tipos-de-carros/data/raw/bmw10_ims/2/150173200.jpg,outros
/home/leticia/projetos/Avaliacao-MOBIT/classificador-tipos-de-carros/data/raw/bmw10_ims/2/150175671.thumb.jpg,outros
/home/leticia/projetos/Avaliacao-MOBIT/classificador-tipos-de-carros/data/raw/bmw10_ims/2/150175739.jpg,outros
/home/leticia/projetos/Avaliacao-MOBIT/classificador-tipos-de-carros/data/raw/bmw10_ims/2/150175957.thumb.jpg,outros
/home/leticia/projetos/Avaliacao-MOBIT/classificador-tipos-de-carros/data/raw/bmw10_ims/2/150176130.jpg,outros
/home/leticia/projetos/Avaliacao-MOBIT/classificador-tipos-de-carros/data/raw/bmw10_ims/2/150178298.thumb.jpg,outros
/home/leticia/projetos/Avaliacao-MOBIT/classificador-tipos-de-carros/data/raw/bmw10_ims/2/150178353.jpg,outros
/home/leticia/projetos/Avaliacao-MOBIT/classificador-tipos-de-carros/data/raw/bmw10_ims/2/150178396.jpg,outros
/home/leticia/projetos/Avaliacao-MOBIT/classificador-tipos-de-carros/data/raw/bmw10_ims/2/150178398.jpg,outros
/home/leticia/projetos/Avaliacao-MOBIT/classificador-tipos-de-carros/data/raw/bmw10_ims/2/150178614.jpg,outros
/home/leticia/projetos/Avaliacao-MOBIT/classificador-tipos-de-carros/data/raw/bmw10_ims/2/150178738.jpg,outros
/home/leticia/projetos/Avaliacao-MOBIT/classificador-tipos-de-carros/data/raw/bmw10_ims/3/150197528.jpg,3
/home/leticia/projetos/Avaliacao-MOBIT/classificador-tipos-de-carros/data/raw/bmw10_ims/3/150197986.jpg,3
/home/leticia/projetos/Avaliacao-MOBIT/classificador-tipos-de-carros/data/raw/bmw10_ims/3/150198076.jpg,3
/home/leticia/projetos/Avaliacao-MOBIT/classificador-tipos-de-carros/data/raw/bmw10_ims/3/150198133.jpg,3
/home/leticia/projetos/Avaliacao-MOBIT/classificador-tipos-de-carros/data/raw/bmw10_ims/3/150198209.jpg,3
/home/leticia/projetos/Avaliacao-MOBIT/classificador-tipos-de-carros/data/raw/bmw10_ims/3/150198303.jpg,3
/home/leticia/projetos/Avaliacao-MOBIT/classificador-tipos-de-carros/data/raw/bmw10_ims/3/150198310.jpg,3
/home/leticia/projetos/Avaliacao-MOBIT/classificador-tipos-de-carros/data/raw/bmw10_ims/3/150198615.jpg,3
/home/leticia/projetos/Avaliacao-MOBIT/classificador-tipos-de-carros/data/raw/bmw10_ims/3/150198721.jpg,3
/home/leticia/projetos/Avaliacao-MOBIT/classificador-tipos-de-carros/data/raw/bmw10_ims/3/150198942.jpg,3
/home/leticia/projetos/Avaliacao-MOBIT/classificador-tipos-de-carros/data/raw/bmw10_ims/3/150199165.jpg,3
/home/leticia/projetos/Avaliacao-MOBIT/classificador-tipos-de-carros/data/raw/bmw10_ims/3/150199356.jpg,3
/home/leticia/projetos/Avaliacao-MOBIT/classificador-tipos-de-carros/data/raw/bmw10_ims/3/150199659.jpg,3
/home/leticia/projetos/Avaliacao-MOBIT/classificador-tipos-de-carros/data/raw/bmw10_ims/3/150199744.jpg,3
/home/leticia/projetos/Avaliacao-MOBIT/classificador-tipos-de-carros/data/raw/bmw10_ims/3/150199807.jpg,3
/home/leticia/projetos/Avaliacao-MOBIT/classificador-tipos-de-carros/data/raw/bmw10_ims/3/150199968.jpg,3
/home/leticia/projetos/Avaliacao-MOBIT/classificador-tipos-de-carros/data/raw/bmw10_ims/3/150200088.jpg,3
/home/leticia/projetos/Avaliacao-MOBIT/classificador-tipos-de-carros/data/raw/bmw10_ims/3/150200118.jpg,3
/home/leticia/projetos/Avaliacao-MOBIT/classificador-tipos-de-carros/data/raw/bmw10_ims/3/150200164.jpg,3
/home/leticia/projetos/Avaliacao-MOBIT/classificador-tipos-de-carros/data/raw/bmw10_ims/3/150200633.jpg,3
/home/leticia/projetos/Avaliacao-MOBIT/classificador-tipos-de-carros/data/raw/bmw10_ims/3/150200699.jpg,3
/home/leticia/projetos/Avaliacao-MOBIT/classificador-tipos-de-carros/data/raw/bmw10_ims/3/150200896.jpg,3
/home/leticia/projetos/Avaliacao-MOBIT/classificador-tipos-de-carros/data/raw/bmw10_ims/3/150200953.jpg,3
/home/leticia/projetos/Avaliacao-MOBIT/classificador-tipos-de-carros/data/raw/bmw10_ims/3/150201049.jpg,3
/home/leticia/projetos/Avaliacao-MOBIT/classificador-tipos-de-carros/data/raw/bmw10_ims/3/150201087.jpg,3
/home/leticia/projetos/Avaliacao-MOBIT/classificador-tipos-de-carros/data/raw/bmw10_ims/3/150201191.jpg,3
/home/leticia/projetos/Avaliacao-MOBIT/classificador-tipos-de-carros/data/raw/bmw10_ims/3/150201292.jpg,3
/home/leticia/projetos/Avaliacao-MOBIT/classificador-tipos-de-carros/data/raw/bmw10_ims/3/150201333.jpg,3
/home/leticia/projetos/Avaliacao-MOBIT/classificador-tipos-de-carros/data/raw/bmw10_ims/3/150201337.jpg,3
/home/leticia/projetos/Avaliacao-MOBIT/classificador-tipos-de-carros/data/raw/bmw10_ims/3/150201563.jpg,3
/home/leticia/projetos/Avaliacao-MOBIT/classificador-tipos-de-carros/data/raw/bmw10_ims/3/150201648.jpg,3
/home/leticia/projetos/Avaliacao-MOBIT/classificador-tipos-de-carros/data/raw/bmw10_ims/3/150201820.jpg,3
/home/leticia/projetos/Avaliacao-MOBIT/classificador-tipos-de-carros/data/raw/bmw10_ims/3/2012-bmw-3-series_100380965_l.jpeg,3
/home/leticia/projetos/Avaliacao-MOBIT/classificador-tipos-de-carros/data/raw/bmw10_ims/3/2012-BMW-3-series-front-view-6.jpeg,3
/home/leticia/projetos/Avaliacao-MOBIT/classificador-tipos-de-carros/data/raw/bmw10_ims/3/6685406937_f3d0d3c950_o.jpg,3
/home/leticia/projetos/Avaliacao-MOBIT/classificador-tipos-de-carros/data/raw/bmw10_ims/3/67163627.jpeg,3
/home/leticia/projetos/Avaliacao-MOBIT/classificador-tipos-de-carros/data/raw/bmw10_ims/3/6753583699_e0bd9b1424.jpg,3
/home/leticia/projetos/Avaliacao-MOBIT/classificador-tipos-de-carros/data/raw/bmw10_ims/3/6912273093_8ef399a599_b.jpg,3
/home/leticia/projetos/Avaliacao-MOBIT/classificador-tipos-de-carros/data/raw/bmw10_ims/3/7442015152_7660dc32e9_o.jpg,3
/home/leticia/projetos/Avaliacao-MOBIT/classificador-tipos-de-carros/data/raw/bmw10_ims/3/7442017340_07afac5fc7.jpeg,3
/home/leticia/projetos/Avaliacao-MOBIT/classificador-tipos-de-carros/data/raw/bmw10_ims/3/7894238946_20405da846_o.jpg,3
/home/leticia/projetos/Avaliacao-MOBIT/classificador-tipos-de-carros/data/raw/bmw10_ims/3/7894240418_7d3f06023f_o.jpg,3
/home/leticia/projetos/Avaliacao-MOBIT/classificador-tipos-de-carros/data/raw/bmw10_ims/3/8051422530_69f30e94cd_b.jpg,3
/home/leticia/projetos/Avaliacao-MOBIT/classificador-tipos-de-carros/data/raw/bmw10_ims/3/8163804713_c44fb78581_o.jpg,3
/home/leticia/projetos/Avaliacao-MOBIT/classificador-tipos-de-carros/data/raw/bmw10_ims/3/B14662-2012-BMW-3-Series-328i-Alpine-White.jpeg,3
/home/leticia/projetos/Avaliacao-MOBIT/classificador-tipos-de-carros/data/raw/bmw10_ims/3/bm20123seriessedan60049168.jpeg,3
/home/leticia/projetos/Avaliacao-MOBIT/classificador-tipos-de-carros/data/raw/bmw10_ims/3/DSC_0253b-630x378.jpeg,3
/home/leticia/projetos/Avaliacao-MOBIT/classificador-tipos-de-carros/data/raw/bmw10_ims/3/fe8c9b483356015d8d3c04bd4fe4820bfff9cce0.jpeg,3
/home/leticia/projetos/Avaliacao-MOBIT/classificador-tipos-de-carros/data/raw/bmw10_ims/3/thelastpictureyay.jpg,3
/home/leticia/projetos/Avaliacao-MOBIT/classificador-tipos-de-carros/data/raw/bmw10_ims/3/used-2012-bmw-3_series-4drsdn328irwd-8522-8507368-2-400.jpeg,3
/home/leticia/projetos/Avaliacao-MOBIT/classificador-tipos-de-carros/data/raw/bmw10_ims/4/149105744.jpg,4
/home/leticia/projetos/Avaliacao-MOBIT/classificador-tipos-de-carros/data/raw/bmw10_ims/4/149106035.thumb.jpg,4
/home/leticia/projetos/Avaliacao-MOBIT/classificador-tipos-de-carros/data/raw/bmw10_ims/4/149106052.jpg,4
/home/leticia/projetos/Avaliacao-MOBIT/classificador-tipos-de-carros/data/raw/bmw10_ims/4/149106128.jpg,4
/home/leticia/projetos/Avaliacao-MOBIT/classificador-tipos-de-carros/data/raw/bmw10_ims/4/149106309.thumb.jpg,4
/home/leticia/projetos/Avaliacao-MOBIT/classificador-tipos-de-carros/data/raw/bmw10_ims/4/149106353.jpg,4
/home/leticia/projetos/Avaliacao-MOBIT/classificador-tipos-de-carros/data/raw/bmw10_ims/4/149106456.jpg,4
/home/leticia/projetos/Avaliacao-MOBIT/classificador-tipos-de-carros/data/raw/bmw10_ims/4/149106459.jpg,4
/home/leticia/projetos/Avaliacao-MOBIT/classificador-tipos-de-carros/data/raw/bmw10_ims/4/149106598.jpg,4
/home/leticia/projetos/Avaliacao-MOBIT/classificador-tipos-de-carros/data/raw/bmw10_ims/4/149106905.thumb.jpg,4
/home/leticia/projetos/Avaliacao-MOBIT/classificador-tipos-de-carros/data/raw/bmw10_ims/4/149107184.thumb.jpg,4
/home/leticia/projetos/Avaliacao-MOBIT/classificador-tipos-de-carros/data/raw/bmw10_ims/4/149107219.jpg,4
/home/leticia/projetos/Avaliacao-MOBIT/classificador-tipos-de-carros/data/raw/bmw10_ims/4/149107331.jpg,4
/home/leticia/projetos/Avaliacao-MOBIT/classificador-tipos-de-carros/data/raw/bmw10_ims/4/149107473.jpg,4
/home/leticia/projetos/Avaliacao-MOBIT/classificador-tipos-de-carros/data/raw/bmw10_ims/4/149107500.jpg,4
/home/leticia/projetos/Avaliacao-MOBIT/classificador-tipos-de-carros/data/raw/bmw10_ims/4/149107510.jpg,4
/home/leticia/projetos/Avaliacao-MOBIT/classificador-tipos-de-carros/data/raw/bmw10_ims/4/149107567.thumb.jpg,4
/home/leticia/projetos/Avaliacao-MOBIT/classificador-tipos-de-carros/data/raw/bmw10_ims/4/149107895.jpg,4
/home/leticia/projetos/Avaliacao-MOBIT/classificador-tipos-de-carros/data/raw/bmw10_ims/4/149107938.jpg,4
/home/leticia/projetos/Avaliacao-MOBIT/classificador-tipos-de-carros/data/raw/bmw10_ims/4/149108025.jpg,4
/home/leticia/projetos/Avaliacao-MOBIT/classificador-tipos-de-carros/data/raw/bmw10_ims/4/149108048.jpg,4
/home/leticia/projetos/Avaliacao-MOBIT/classificador-tipos-de-carros/data/raw/bmw10_ims/4/149108251.jpg,4
/home/leticia/projetos/Avaliacao-MOBIT/classificador-tipos-de-carros/data/raw/bmw10_ims/4/149108439.jpg,4
/home/leticia/projetos/Avaliacao-MOBIT/classificador-tipos-de-carros/data/raw/bmw10_ims/4/149108476.jpg,4
/home/leticia/projetos/Avaliacao-MOBIT/classificador-tipos-de-carros/data/raw/bmw10_ims/4/149108669.jpg,4
/home/leticia/projetos/Avaliacao-MOBIT/classificador-tipos-de-carros/data/raw/bmw10_ims/4/149108817.thumb.jpg,4
/home/leticia/projetos/Avaliacao-MOBIT/classificador-tipos-de-carros/data/raw/bmw10_ims/4/149108918.jpg,4
/home/leticia/projetos/Avaliacao-MOBIT/classificador-tipos-de-carros/data/raw/bmw10_ims/4/149108970.jpg,4
/home/leticia/projetos/Avaliacao-MOBIT/classificador-tipos-de-carros/data/raw/bmw10_ims/4/149109147.jpg,4
/home/leticia/projetos/Avaliacao-MOBIT/classificador-tipos-de-carros/data/raw/bmw10_ims/4/149109212.jpg,4
/home/leticia/projetos/Avaliacao-MOBIT/classificador-tipos-de-carros/data/raw/bmw10_ims/4/149109224.thumb.jpg,4
/home/leticia/projetos/Avaliacao-MOBIT/classificador-tipos-de-carros/data/raw/bmw10_ims/4/149109321.jpg,4
/home/leticia/projetos/Avaliacao-MOBIT/classificador-tipos-de-carros/data/raw/bmw10_ims/4/149109454.thumb.jpg,4
/home/leticia/projetos/Avaliacao-MOBIT/classificador-tipos-de-carros/data/raw/bmw10_ims/4/149109523.thumb.jpg,4
/home/leticia/projetos/Avaliacao-MOBIT/classificador-tipos-de-carros/data/raw/bmw10_ims/4/149109598.thumb.jpg,4
/home/leticia/projetos/Avaliacao-MOBIT/classificador-tipos-de-carros/data/raw/bmw10_ims/4/149109724.jpg,4
/home/leticia/projetos/Avaliacao-MOBIT/classificador-tipos-de-carros/data/raw/bmw10_ims/4/149110009.thumb.jpg,4
/home/leticia/projetos/Avaliacao-MOBIT/classificador-tipos-de-carros/data/raw/bmw10_ims/4/149110168.jpg,4
/home/leticia/projetos/Avaliacao-MOBIT/classificador-tipos-de-carros/data/raw/bmw10_ims/4/149110585.jpg,4
/home/leticia/projetos/Avaliacao-MOBIT/classificador-tipos-de-carros/data/raw/bmw10_ims/4/149110614.jpg,4
/home/leticia/projetos/Avaliacao-MOBIT/classificador-tipos-de-carros/data/raw/bmw10_ims/4/149110817.thumb.jpg,4
/home/leticia/projetos/Avaliacao-MOBIT/classificador-tipos-de-carros/data/raw/bmw10_ims/4/149110820.jpg,4
/home/leticia/projetos/Avaliacao-MOBIT/classificador-tipos-de-carros/data/raw/bmw10_ims/4/149110995.jpg,4
/home/leticia/projetos/Avaliacao-MOBIT/classificador-tipos-de-carros/data/raw/bmw10_ims/4/149111068.jpg,4
/home/leticia/projetos/Avaliacao-MOBIT/classificador-tipos-de-carros/data/raw/bmw10_ims/4/149111096.thumb.jpg,4
/home/leticia/projetos/Avaliacao-MOBIT/classificador-tipos-de-carros/data/raw/bmw10_ims/4/149111250.thumb.jpg,4
/home/leticia/projetos/Avaliacao-MOBIT/classificador-tipos-de-carros/data/raw/bmw10_ims/4/149111513.jpg,4
/home/leticia/projetos/Avaliacao-MOBIT/classificador-tipos-de-carros/data/raw/bmw10_ims/4/149111530.jpg,4
/home/leticia/projetos/Avaliacao-MOBIT/classificador-tipos-de-carros/data/raw/bmw10_ims/4/149111546.jpg,4
/home/leticia/projetos/Avaliacao-MOBIT/classificador-tipos-de-carros/data/raw/bmw10_ims/4/149111813.jpg,4
/home/leticia/projetos/Avaliacao-MOBIT/classificador-tipos-de-carros/data/raw/bmw10_ims/5/149114500.thumb.jpg,5
/home/leticia/projetos/Avaliacao-MOBIT/classificador-tipos-de-carros/data/raw/bmw10_ims/5/149114751.jpg,5
/home/leticia/projetos/Avaliacao-MOBIT/classificador-tipos-de-carros/data/raw/bmw10_ims/5/149115218.jpg,5
/home/leticia/projetos/Avaliacao-MOBIT/classificador-tipos-de-carros/data/raw/bmw10_ims/5/149115503.thumb.jpg,5
/home/leticia/projetos/Avaliacao-MOBIT/classificador-tipos-de-carros/data/raw/bmw10_ims/5/149115591.jpg,5
/home/leticia/projetos/Avaliacao-MOBIT/classificador-tipos-de-carros/data/raw/bmw10_ims/5/149116868.jpg,5
/home/leticia/projetos/Avaliacao-MOBIT/classificador-tipos-de-carros/data/raw/bmw10_ims/5/149117072.thumb.jpg,5
/home/leticia/projetos/Avaliacao-MOBIT/classificador-tipos-de-carros/data/raw/bmw10_ims/5/149117459.jpg,5
/home/leticia/projetos/Avaliacao-MOBIT/classificador-tipos-de-carros/data/raw/bmw10_ims/5/149117602.jpg,5
/home/leticia/projetos/Avaliacao-MOBIT/classificador-tipos-de-carros/data/raw/bmw10_ims/5/149117665.jpg,5
/home/leticia/projetos/Avaliacao-MOBIT/classificador-tipos-de-carros/data/raw/bmw10_ims/5/149117705.jpg,5
/home/leticia/projetos/Avaliacao-MOBIT/classificador-tipos-de-carros/data/raw/bmw10_ims/5/149117907.jpg,5
/home/leticia/projetos/Avaliacao-MOBIT/classificador-tipos-de-carros/data/raw/bmw10_ims/5/149118249.jpg,5
/home/leticia/projetos/Avaliacao-MOBIT/classificador-tipos-de-carros/data/raw/bmw10_ims/5/149118336.jpg,5
/home/leticia/projetos/Avaliacao-MOBIT/classificador-tipos-de-carros/data/raw/bmw10_ims/5/149118878.jpg,5
/home/leticia/projetos/Avaliacao-MOBIT/classificador-tipos-de-carros/data/raw/bmw10_ims/5/149119681.jpg,5
/home/leticia/projetos/Avaliacao-MOBIT/classificador-tipos-de-carros/data/raw/bmw10_ims/5/149119727.jpg,5
/home/leticia/projetos/Avaliacao-MOBIT/classificador-tipos-de-carros/data/raw/bmw10_ims/5/149120933.jpg,5
/home/leticia/projetos/Avaliacao-MOBIT/classificador-tipos-de-carros/data/raw/bmw10_ims/5/149121231.jpg,5
/home/leticia/projetos/Avaliacao-MOBIT/classificador-tipos-de-carros/data/raw/bmw10_ims/5/149124197.jpg,5
/home/leticia/projetos/Avaliacao-MOBIT/classificador-tipos-de-carros/data/raw/bmw10_ims/5/149124216.jpg,5
/home/leticia/projetos/Avaliacao-MOBIT/classificador-tipos-de-carros/data/raw/bmw10_ims/5/149124761.thumb.jpg,5
/home/leticia/projetos/Avaliacao-MOBIT/classificador-tipos-de-carros/data/raw/bmw10_ims/5/149124940.jpg,5
/home/leticia/projetos/Avaliacao-MOBIT/classificador-tipos-de-carros/data/raw/bmw10_ims/5/149125476.jpg,5
/home/leticia/projetos/Avaliacao-MOBIT/classificador-tipos-de-carros/data/raw/bmw10_ims/5/149125888.thumb.jpg,5
/home/leticia/projetos/Avaliacao-MOBIT/classificador-tipos-de-carros/data/raw/bmw10_ims/5/149126175.thumb.jpg,5
/home/leticia/projetos/Avaliacao-MOBIT/classificador-tipos-de-carros/data/raw/bmw10_ims/5/149126548.thumb.jpg,5
/home/leticia/projetos/Avaliacao-MOBIT/classificador-tipos-de-carros/data/raw/bmw10_ims/5/149126585.jpg,5
/home/leticia/projetos/Avaliacao-MOBIT/classificador-tipos-de-carros/data/raw/bmw10_ims/5/149127425.jpg,5
/home/leticia/projetos/Avaliacao-MOBIT/classificador-tipos-de-carros/data/raw/bmw10_ims/5/149129487.jpg,5
/home/leticia/projetos/Avaliacao-MOBIT/classificador-tipos-de-carros/data/raw/bmw10_ims/5/149129519.jpg,5
/home/leticia/projetos/Avaliacao-MOBIT/classificador-tipos-de-carros/data/raw/bmw10_ims/5/149129677.jpg,5
/home/leticia/projetos/Avaliacao-MOBIT/classificador-tipos-de-carros/data/raw/bmw10_ims/5/149129794.jpg,5
/home/leticia/projetos/Avaliacao-MOBIT/classificador-tipos-de-carros/data/raw/bmw10_ims/5/149130063.jpg,5
/home/leticia/projetos/Avaliacao-MOBIT/classificador-tipos-de-carros/data/raw/bmw10_ims/5/149130259.jpg,5
/home/leticia/projetos/Avaliacao-MOBIT/classificador-tipos-de-carros/data/raw/bmw10_ims/5/149130408.jpg,5
/home/leticia/projetos/Avaliacao-MOBIT/classificador-tipos-de-carros/data/raw/bmw10_ims/5/149130423.jpg,5
/home/leticia/projetos/Avaliacao-MOBIT/classificador-tipos-de-carros/data/raw/bmw10_ims/5/149130640.jpg,5
/home/leticia/projetos/Avaliacao-MOBIT/classificador-tipos-de-carros/data/raw/bmw10_ims/5/149130755.thumb.jpg,5
/home/leticia/projetos/Avaliacao-MOBIT/classificador-tipos-de-carros/data/raw/bmw10_ims/5/149130860.thumb.jpg,5
/home/leticia/projetos/Avaliacao-MOBIT/classificador-tipos-de-carros/data/raw/bmw10_ims/5/149131038.jpg,5
/home/leticia/projetos/Avaliacao-MOBIT/classificador-tipos-de-carros/data/raw/bmw10_ims/5/149131200.thumb.jpg,5
/home/leticia/projetos/Avaliacao-MOBIT/classificador-tipos-de-carros/data/raw/bmw10_ims/5/149131508.jpg,5
/home/leticia/projetos/Avaliacao-MOBIT/classificador-tipos-de-carros/data/raw/bmw10_ims/5/149136308.jpg,5
/home/leticia/projetos/Avaliacao-MOBIT/classificador-tipos-de-carros/data/raw/bmw10_ims/5/149136355.jpg,5
/home/leticia/projetos/Avaliacao-MOBIT/classificador-tipos-de-carros/data/raw/bmw10_ims/5/149136642.thumb.jpg,5
/home/leticia/projetos/Avaliacao-MOBIT/classificador-tipos-de-carros/data/raw/bmw10_ims/5/149137276.jpg,5
/home/leticia/projetos/Avaliacao-MOBIT/classificador-tipos-de-carros/data/raw/bmw10_ims/5/149137386.jpg,5
/home/leticia/projetos/Avaliacao-MOBIT/classificador-tipos-de-carros/data/raw/bmw10_ims/5/149137573.jpg,5
/home/leticia/projetos/Avaliacao-MOBIT/classificador-tipos-de-carros/data/raw/bmw10_ims/5/149138229.jpg,5
/home/leticia/projetos/Avaliacao-MOBIT/classificador-tipos-de-carros/data/raw/bmw10_ims/5/149139102.jpg,5
/home/leticia/projetos/Avaliacao-MOBIT/classificador-tipos-de-carros/data/raw/bmw10_ims/5/149140676.jpg,5
/home/leticia/projetos/Avaliacao-MOBIT/classificador-tipos-de-carros/data/raw/bmw10_ims/6/149141672.jpg,outros
/home/leticia/projetos/Avaliacao-MOBIT/classificador-tipos-de-carros/data/raw/bmw10_ims/6/149141694.jpg,outros
/home/leticia/projetos/Avaliacao-MOBIT/classificador-tipos-de-carros/data/raw/bmw10_ims/6/149141933.thumb.jpg,outros
/home/leticia/projetos/Avaliacao-MOBIT/classificador-tipos-de-carros/data/raw/bmw10_ims/6/149142072.thumb.jpg,outros
/home/leticia/projetos/Avaliacao-MOBIT/classificador-tipos-de-carros/data/raw/bmw10_ims/6/149142618.jpg,outros
/home/leticia/projetos/Avaliacao-MOBIT/classificador-tipos-de-carros/data/raw/bmw10_ims/6/149142776.thumb.jpg,outros
/home/leticia/projetos/Avaliacao-MOBIT/classificador-tipos-de-carros/data/raw/bmw10_ims/6/149143380.jpg,outros
/home/leticia/projetos/Avaliacao-MOBIT/classificador-tipos-de-carros/data/raw/bmw10_ims/6/149143430.jpg,outros
/home/leticia/projetos/Avaliacao-MOBIT/classificador-tipos-de-carros/data/raw/bmw10_ims/6/149143533.jpg,outros
/home/leticia/projetos/Avaliacao-MOBIT/classificador-tipos-de-carros/data/raw/bmw10_ims/6/149144003.thumb.jpg,outros
/home/leticia/projetos/Avaliacao-MOBIT/classificador-tipos-de-carros/data/raw/bmw10_ims/6/149144058.jpg,outros
/home/leticia/projetos/Avaliacao-MOBIT/classificador-tipos-de-carros/data/raw/bmw10_ims/6/149144163.jpg,outros
/home/leticia/projetos/Avaliacao-MOBIT/classificador-tipos-de-carros/data/raw/bmw10_ims/6/149144592.jpg,outros
/home/leticia/projetos/Avaliacao-MOBIT/classificador-tipos-de-carros/data/raw/bmw10_ims/6/149144677.jpg,outros
/home/leticia/projetos/Avaliacao-MOBIT/classificador-tipos-de-carros/data/raw/bmw10_ims/6/149144874.jpg,outros
/home/leticia/projetos/Avaliacao-MOBIT/classificador-tipos-de-carros/data/raw/bmw10_ims/6/149144954.jpg,outros
/home/leticia/projetos/Avaliacao-MOBIT/classificador-tipos-de-carros/data/raw/bmw10_ims/6/149145882.jpg,outros
/home/leticia/projetos/Avaliacao-MOBIT/classificador-tipos-de-carros/data/raw/bmw10_ims/6/149146052.jpg,outros
/home/leticia/projetos/Avaliacao-MOBIT/classificador-tipos-de-carros/data/raw/bmw10_ims/6/149146070.jpg,outros
/home/leticia/projetos/Avaliacao-MOBIT/classificador-tipos-de-carros/data/raw/bmw10_ims/6/149146451.jpg,outros
/home/leticia/projetos/Avaliacao-MOBIT/classificador-tipos-de-carros/data/raw/bmw10_ims/6/149146555.jpg,outros
/home/leticia/projetos/Avaliacao-MOBIT/classificador-tipos-de-carros/data/raw/bmw10_ims/6/149146910.jpg,outros
/home/leticia/projetos/Avaliacao-MOBIT/classificador-tipos-de-carros/data/raw/bmw10_ims/6/149146963.jpg,outros
/home/leticia/projetos/Avaliacao-MOBIT/classificador-tipos-de-carros/data/raw/bmw10_ims/6/149147161.jpg,outros
/home/leticia/projetos/Avaliacao-MOBIT/classificador-tipos-de-carros/data/raw/bmw10_ims/6/149147781.jpg,outros
/home/leticia/projetos/Avaliacao-MOBIT/classificador-tipos-de-carros/data/raw/bmw10_ims/6/149148108.jpg,outros
/home/leticia/projetos/Avaliacao-MOBIT/classificador-tipos-de-carros/data/raw/bmw10_ims/6/149148168.jpg,outros
/home/leticia/projetos/Avaliacao-MOBIT/classificador-tipos-de-carros/data/raw/bmw10_ims/6/149148529.jpg,outros
/home/leticia/projetos/Avaliacao-MOBIT/classificador-tipos-de-carros/data/raw/bmw10_ims/6/149149251.thumb.jpg,outros
/home/leticia/projetos/Avaliacao-MOBIT/classificador-tipos-de-carros/data/raw/bmw10_ims/6/149149360.jpg,outros
/home/leticia/projetos/Avaliacao-MOBIT/classificador-tipos-de-carros/data/raw/bmw10_ims/6/149150163.jpg,outros
/home/leticia/projetos/Avaliacao-MOBIT/classificador-tipos-de-carros/data/raw/bmw10_ims/6/149150268.jpg,outros
/home/leticia/projetos/Avaliacao-MOBIT/classificador-tipos-de-carros/data/raw/bmw10_ims/6/149150393.jpg,outros
/home/leticia/projetos/Avaliacao-MOBIT/classificador-tipos-de-carros/data/raw/bmw10_ims/6/149150619.jpg,outros
/home/leticia/projetos/Avaliacao-MOBIT/classificador-tipos-de-carros/data/raw/bmw10_ims/6/149150891.jpg,outros
/home/leticia/projetos/Avaliacao-MOBIT/classificador-tipos-de-carros/data/raw/bmw10_ims/6/149150962.jpg,outros
/home/leticia/projetos/Avaliacao-MOBIT/classificador-tipos-de-carros/data/raw/bmw10_ims/6/149151445.thumb.jpg,outros
/home/leticia/projetos/Avaliacao-MOBIT/classificador-tipos-de-carros/data/raw/bmw10_ims/6/149151621.jpg,outros
/home/leticia/projetos/Avaliacao-MOBIT/classificador-tipos-de-carros/data/raw/bmw10_ims/6/149152503.thumb.jpg,outros
/home/leticia/projetos/Avaliacao-MOBIT/classificador-tipos-de-carros/data/raw/bmw10_ims/6/149152784.jpg,outros
/home/leticia/projetos/Avaliacao-MOBIT/classificador-tipos-de-carros/data/raw/bmw10_ims/6/149152785.jpg,outros
/home/leticia/projetos/Avaliacao-MOBIT/classificador-tipos-de-carros/data/raw/bmw10_ims/6/149152841.jpg,outros
/home/leticia/projetos/Avaliacao-MOBIT/classificador-tipos-de-carros/data/raw/bmw10_ims/6/149153507.thumb.jpg,outros
/home/leticia/projetos/Avaliacao-MOBIT/classificador-tipos-de-carros/data/raw/bmw10_ims/6/149153746.jpg,outros
/home/leticia/projetos/Avaliacao-MOBIT/classificador-tipos-de-carros/data/raw/bmw10_ims/6/149154670.jpg,outros
/home/leticia/projetos/Avaliacao-MOBIT/classificador-tipos-de-carros/data/raw/bmw10_ims/6/149155097.thumb.jpg,outros
/home/leticia/projetos/Avaliacao-MOBIT/classificador-tipos-de-carros/data/raw/bmw10_ims/6/149156035.jpg,outros
/home/leticia/projetos/Avaliacao-MOBIT/classificador-tipos-de-carros/data/raw/bmw10_ims/6/149156157.jpg,outros
/home/leticia/projetos/Avaliacao-MOBIT/classificador-tipos-de-carros/data/raw/bmw10_ims/6/149156307.jpg,outros
/home/leticia/projetos/Avaliacao-MOBIT/classificador-tipos-de-carros/data/raw/bmw10_ims/6/149156955.jpg,outros
/home/leticia/projetos/Avaliacao-MOBIT/classificador-tipos-de-carros/data/raw/bmw10_ims/7/149460302.jpg,outros
/home/leticia/projetos/Avaliacao-MOBIT/classificador-tipos-de-carros/data/raw/bmw10_ims/7/149460660.jpg,outros
/home/leticia/projetos/Avaliacao-MOBIT/classificador-tipos-de-carros/data/raw/bmw10_ims/7/149460749.jpg,outros
/home/leticia/projetos/Avaliacao-MOBIT/classificador-tipos-de-carros/data/raw/bmw10_ims/7/149460774.jpg,outros
/home/leticia/projetos/Avaliacao-MOBIT/classificador-tipos-de-carros/data/raw/bmw10_ims/7/149460929.jpg,outros
/home/leticia/projetos/Avaliacao-MOBIT/classificador-tipos-de-carros/data/raw/bmw10_ims/7/149460935.jpg,outros
/home/leticia/projetos/Avaliacao-MOBIT/classificador-tipos-de-carros/data/raw/bmw10_ims/7/149461146.jpg,outros
/home/leticia/projetos/Avaliacao-MOBIT/classificador-tipos-de-carros/data/raw/bmw10_ims/7/149461474.jpg,outros
/home/leticia/projetos/Avaliacao-MOBIT/classificador-tipos-de-carros/data/raw/bmw10_ims/7/149461591.jpg,outros
/home/leticia/projetos/Avaliacao-MOBIT/classificador-tipos-de-carros/data/raw/bmw10_ims/7/149462215.jpg,outros
/home/leticia/projetos/Avaliacao-MOBIT/classificador-tipos-de-carros/data/raw/bmw10_ims/7/149462267.jpg,outros
/home/leticia/projetos/Avaliacao-MOBIT/classificador-tipos-de-carros/data/raw/bmw10_ims/7/149462295.thumb.jpg,outros
/home/leticia/projetos/Avaliacao-MOBIT/classificador-tipos-de-carros/data/raw/bmw10_ims/7/149462394.jpg,outros
/home/leticia/projetos/Avaliacao-MOBIT/classificador-tipos-de-carros/data/raw/bmw10_ims/7/149462553.jpg,outros
/home/leticia/projetos/Avaliacao-MOBIT/classificador-tipos-de-carros/data/raw/bmw10_ims/7/149462594.jpg,outros
/home/leticia/projetos/Avaliacao-MOBIT/classificador-tipos-de-carros/data/raw/bmw10_ims/7/149462707.jpg,outros
/home/leticia/projetos/Avaliacao-MOBIT/classificador-tipos-de-carros/data/raw/bmw10_ims/7/149462717.jpg,outros
/home/leticia/projetos/Avaliacao-MOBIT/classificador-tipos-de-carros/data/raw/bmw10_ims/7/149462785.jpg,outros
/home/leticia/projetos/Avaliacao-MOBIT/classificador-tipos-de-carros/data/raw/bmw10_ims/7/149469394.jpg,outros
/home/leticia/projetos/Avaliacao-MOBIT/classificador-tipos-de-carros/data/raw/bmw10_ims/7/149469483.jpg,outros
/home/leticia/projetos/Avaliacao-MOBIT/classificador-tipos-de-carros/data/raw/bmw10_ims/7/149469608.jpg,outros
/home/leticia/projetos/Avaliacao-MOBIT/classificador-tipos-de-carros/data/raw/bmw10_ims/7/149469847.jpg,outros
/home/leticia/projetos/Avaliacao-MOBIT/classificador-tipos-de-carros/data/raw/bmw10_ims/7/149470324.jpg,outros
/home/leticia/projetos/Avaliacao-MOBIT/classificador-tipos-de-carros/data/raw/bmw10_ims/7/149470376.jpg,outros
/home/leticia/projetos/Avaliacao-MOBIT/classificador-tipos-de-carros/data/raw/bmw10_ims/7/149470462.jpg,outros
/home/leticia/projetos/Avaliacao-MOBIT/classificador-tipos-de-carros/data/raw/bmw10_ims/7/149470521.jpg,outros
/home/leticia/projetos/Avaliacao-MOBIT/classificador-tipos-de-carros/data/raw/bmw10_ims/7/149470627.thumb.jpg,outros
/home/leticia/projetos/Avaliacao-MOBIT/classificador-tipos-de-carros/data/raw/bmw10_ims/7/149470843.jpg,outros
/home/leticia/projetos/Avaliacao-MOBIT/classificador-tipos-de-carros/data/raw/bmw10_ims/7/149470876.jpg,outros
/home/leticia/projetos/Avaliacao-MOBIT/classificador-tipos-de-carros/data/raw/bmw10_ims/7/149471044.jpg,outros
/home/leticia/projetos/Avaliacao-MOBIT/classificador-tipos-de-carros/data/raw/bmw10_ims/7/149471657.jpg,outros
/home/leticia/projetos/Avaliacao-MOBIT/classificador-tipos-de-carros/data/raw/bmw10_ims/7/149471672.jpg,outros
/home/leticia/projetos/Avaliacao-MOBIT/classificador-tipos-de-carros/data/raw/bmw10_ims/7/149471737.thumb.jpg,outros
/home/leticia/projetos/Avaliacao-MOBIT/classificador-tipos-de-carros/data/raw/bmw10_ims/7/149471907.jpg,outros
/home/leticia/projetos/Avaliacao-MOBIT/classificador-tipos-de-carros/data/raw/bmw10_ims/7/149477834.jpg,outros
/home/leticia/projetos/Avaliacao-MOBIT/classificador-tipos-de-carros/data/raw/bmw10_ims/7/149477871.jpg,outros
/home/leticia/projetos/Avaliacao-MOBIT/classificador-tipos-de-carros/data/raw/bmw10_ims/7/149477930.jpg,outros
/home/leticia/projetos/Avaliacao-MOBIT/classificador-tipos-de-carros/data/raw/bmw10_ims/7/149478081.jpg,outros
/home/leticia/projetos/Avaliacao-MOBIT/classificador-tipos-de-carros/data/raw/bmw10_ims/7/149478466.jpg,outros
/home/leticia/projetos/Avaliacao-MOBIT/classificador-tipos-de-carros/data/raw/bmw10_ims/7/149479187.jpg,outros
/home/leticia/projetos/Avaliacao-MOBIT/classificador-tipos-de-carros/data/raw/bmw10_ims/7/149479832.jpg,outros
/home/leticia/projetos/Avaliacao-MOBIT/classificador-tipos-de-carros/data/raw/bmw10_ims/7/149479931.jpg,outros
/home/leticia/projetos/Avaliacao-MOBIT/classificador-tipos-de-carros/data/raw/bmw10_ims/7/149480792.jpg,outros
/home/leticia/projetos/Avaliacao-MOBIT/classificador-tipos-de-carros/data/raw/bmw10_ims/7/149480829.jpg,outros
/home/leticia/projetos/Avaliacao-MOBIT/classificador-tipos-de-carros/data/raw/bmw10_ims/7/149489766.jpg,outros
/home/leticia/projetos/Avaliacao-MOBIT/classificador-tipos-de-carros/data/raw/bmw10_ims/7/149490348.thumb.jpg,outros
/home/leticia/projetos/Avaliacao-MOBIT/classificador-tipos-de-carros/data/raw/bmw10_ims/7/149490796.jpg,outros
/home/leticia/projetos/Avaliacao-MOBIT/classificador-tipos-de-carros/data/raw/bmw10_ims/7/149490939.jpg,outros
/home/leticia/projetos/Avaliacao-MOBIT/classificador-tipos-de-carros/data/raw/bmw10_ims/7/149491667.jpg,outros
/home/leticia/projetos/Avaliacao-MOBIT/classificador-tipos-de-carros/data/raw/bmw10_ims/7/149491934.jpg,outros
/home/leticia/projetos/Avaliacao-MOBIT/classificador-tipos-de-carros/data/raw/bmw10_ims/7/149492304.jpg,outros
/home/leticia/projetos/Avaliacao-MOBIT/classificador-tipos-de-carros/data/raw/bmw10_ims/8/149380280.jpg,outros
/home/leticia/projetos/Avaliacao-MOBIT/classificador-tipos-de-carros/data/raw/bmw10_ims/8/149380548.thumb.jpg,outros
/home/leticia/projetos/Avaliacao-MOBIT/classificador-tipos-de-carros/data/raw/bmw10_ims/8/149380601.jpg,outros
/home/leticia/projetos/Avaliacao-MOBIT/classificador-tipos-de-carros/data/raw/bmw10_ims/8/149380923.jpg,outros
/home/leticia/projetos/Avaliacao-MOBIT/classificador-tipos-de-carros/data/raw/bmw10_ims/8/149380940.jpg,outros
/home/leticia/projetos/Avaliacao-MOBIT/classificador-tipos-de-carros/data/raw/bmw10_ims/8/149381045.jpg,outros
/home/leticia/projetos/Avaliacao-MOBIT/classificador-tipos-de-carros/data/raw/bmw10_ims/8/149381095.thumb.jpg,outros
/home/leticia/projetos/Avaliacao-MOBIT/classificador-tipos-de-carros/data/raw/bmw10_ims/8/149381461.jpg,outros
/home/leticia/projetos/Avaliacao-MOBIT/classificador-tipos-de-carros/data/raw/bmw10_ims/8/149381504.jpg,outros
/home/leticia/projetos/Avaliacao-MOBIT/classificador-tipos-de-carros/data/raw/bmw10_ims/8/149381590.jpg,outros
/home/leticia/projetos/Avaliacao-MOBIT/classificador-tipos-de-carros/data/raw/bmw10_ims/8/149381769.jpg,outros
/home/leticia/projetos/Avaliacao-MOBIT/classificador-tipos-de-carros/data/raw/bmw10_ims/8/149382038.jpg,outros
/home/leticia/projetos/Avaliacao-MOBIT/classificador-tipos-de-carros/data/raw/bmw10_ims/8/149382098.jpg,outros
/home/leticia/projetos/Avaliacao-MOBIT/classificador-tipos-de-carros/data/raw/bmw10_ims/8/149382165.jpg,outros
/home/leticia/projetos/Avaliacao-MOBIT/classificador-tipos-de-carros/data/raw/bmw10_ims/8/149382227.jpg,outros
/home/leticia/projetos/Avaliacao-MOBIT/classificador-tipos-de-carros/data/raw/bmw10_ims/8/149382321.jpg,outros
/home/leticia/projetos/Avaliacao-MOBIT/classificador-tipos-de-carros/data/raw/bmw10_ims/8/149382438.jpg,outros
/home/leticia/projetos/Avaliacao-MOBIT/classificador-tipos-de-carros/data/raw/bmw10_ims/8/149382483.jpg,outros
/home/leticia/projetos/Avaliacao-MOBIT/classificador-tipos-de-carros/data/raw/bmw10_ims/8/149382552.jpg,outros
/home/leticia/projetos/Avaliacao-MOBIT/classificador-tipos-de-carros/data/raw/bmw10_ims/8/149382636.jpg,outros
/home/leticia/projetos/Avaliacao-MOBIT/classificador-tipos-de-carros/data/raw/bmw10_ims/8/149382830.jpg,outros
/home/leticia/projetos/Avaliacao-MOBIT/classificador-tipos-de-carros/data/raw/bmw10_ims/8/149383306.jpg,outros
/home/leticia/projetos/Avaliacao-MOBIT/classificador-tipos-de-carros/data/raw/bmw10_ims/8/149383718.jpg,outros
/home/leticia/projetos/Avaliacao-MOBIT/classificador-tipos-de-carros/data/raw/bmw10_ims/8/149383845.jpg,outros
/home/leticia/projetos/Avaliacao-MOBIT/classificador-tipos-de-carros/data/raw/bmw10_ims/8/149384070.jpg,outros
/home/leticia/projetos/Avaliacao-MOBIT/classificador-tipos-de-carros/data/raw/bmw10_ims/8/149384179.thumb.jpg,outros
/home/leticia/projetos/Avaliacao-MOBIT/classificador-tipos-de-carros/data/raw/bmw10_ims/8/149384294.jpg,outros
/home/leticia/projetos/Avaliacao-MOBIT/classificador-tipos-de-carros/data/raw/bmw10_ims/8/149384870.jpg,outros
/home/leticia/projetos/Avaliacao-MOBIT/classificador-tipos-de-carros/data/raw/bmw10_ims/8/149385066.jpg,outros
/home/leticia/projetos/Avaliacao-MOBIT/classificador-tipos-de-carros/data/raw/bmw10_ims/8/149385187.jpg,outros
/home/leticia/projetos/Avaliacao-MOBIT/classificador-tipos-de-carros/data/raw/bmw10_ims/8/149385190.jpg,outros
/home/leticia/projetos/Avaliacao-MOBIT/classificador-tipos-de-carros/data/raw/bmw10_ims/8/149385467.jpg,outros
/home/leticia/projetos/Avaliacao-MOBIT/classificador-tipos-de-carros/data/raw/bmw10_ims/8/149385509.jpg,outros
/home/leticia/projetos/Avaliacao-MOBIT/classificador-tipos-de-carros/data/raw/bmw10_ims/8/149385556.jpg,outros
/home/leticia/projetos/Avaliacao-MOBIT/classificador-tipos-de-carros/data/raw/bmw10_ims/8/149385738.jpg,outros
/home/leticia/projetos/Avaliacao-MOBIT/classificador-tipos-de-carros/data/raw/bmw10_ims/8/149386212.jpg,outros
/home/leticia/projetos/Avaliacao-MOBIT/classificador-tipos-de-carros/data/raw/bmw10_ims/8/149386305.jpg,outros
/home/leticia/projetos/Avaliacao-MOBIT/classificador-tipos-de-carros/data/raw/bmw10_ims/8/149386463.jpg,outros
/home/leticia/projetos/Avaliacao-MOBIT/classificador-tipos-de-carros/data/raw/bmw10_ims/8/149386616.jpg,outros
/home/leticia/projetos/Avaliacao-MOBIT/classificador-tipos-de-carros/data/raw/bmw10_ims/8/149386734.jpg,outros
/home/leticia/projetos/Avaliacao-MOBIT/classificador-tipos-de-carros/data/raw/bmw10_ims/8/149386998.jpg,outros
/home/leticia/projetos/Avaliacao-MOBIT/classificador-tipos-de-carros/data/raw/bmw10_ims/8/149387044.thumb.jpg,outros
/home/leticia/projetos/Avaliacao-MOBIT/classificador-tipos-de-carros/data/raw/bmw10_ims/8/149387459.jpg,outros
/home/leticia/projetos/Avaliacao-MOBIT/classificador-tipos-de-carros/data/raw/bmw10_ims/8/149387673.jpg,outros
/home/leticia/projetos/Avaliacao-MOBIT/classificador-tipos-de-carros/data/raw/bmw10_ims/8/149388421.jpg,outros
/home/leticia/projetos/Avaliacao-MOBIT/classificador-tipos-de-carros/data/raw/bmw10_ims/8/149388507.jpg,outros
/home/leticia/projetos/Avaliacao-MOBIT/classificador-tipos-de-carros/data/raw/bmw10_ims/8/149389134.jpg,outros
/home/leticia/projetos/Avaliacao-MOBIT/classificador-tipos-de-carros/data/raw/bmw10_ims/8/149389284.jpg,outros
/home/leticia/projetos/Avaliacao-MOBIT/classificador-tipos-de-carros/data/raw/bmw10_ims/8/149389390.jpg,outros
/home/leticia/projetos/Avaliacao-MOBIT/classificador-tipos-de-carros/data/raw/bmw10_ims/8/149389446.jpg,outros
/home/leticia/projetos/Avaliacao-MOBIT/classificador-tipos-de-carros/data/raw/bmw10_ims/8/149389742.jpg,outros
/home/leticia/projetos/Avaliacao-MOBIT/classificador-tipos-de-carros/data/raw/bmw10_ims/8/149389834.jpg,outros
